{
  "project_info": {
    "project_number": "463973305932",
    "firebase_url": "https://vlibrary-fc171-default-rtdb.asia-southeast1.firebasedatabase.app",
    "project_id": "vlibrary-fc171",
    "storage_bucket": "vlibrary-fc171.appspot.com"
  },
  "client": [
    {
      "client_info": {
        "mobilesdk_app_id": "1:463973305932:android:23e040137def31ca0eaee9",
        "android_client_info": {
          "package_name": "com.VIT.vlibrary"
        }
      },
      "oauth_client": [
        {
          "client_id": "463973305932-329uvl9f8p06mdqv1e166887jhlf590k.apps.googleusercontent.com",
          "client_type": 3
        }
      ],
      "api_key": [
        {
          "current_key": "AIzaSyB9_oHtNW2utYhsU10uYq1P5YdsGG7XU0M"
        }
      ],
      "services": {
        "appinvite_service": {
          "other_platform_oauth_client": [
            {
              "client_id": "463973305932-329uvl9f8p06mdqv1e166887jhlf590k.apps.googleusercontent.com",
              "client_type": 3
            }
          ]
        }
      }
    }
  ],
  "configuration_version": "1"
}